{"class_name": "Model", "config": {"name": "model_1", "layers": [{"name": "input_1", "class_name": "InputLayer", "config": {"batch_input_shape": [null, 224, 224, 3], "dtype": "float32", "sparse": false, "name": "input_1"}, "inbound_nodes": []}, {"name": "conv1", "class_name": "Conv2D", "config": {"name": "conv1", "trainable": false, "filters": 32, "kernel_size": [3, 3], "strides": [2, 2], "padding": "same", "data_format": "channels_last", "dilation_rate": [1, 1], "activation": "linear", "use_bias": false, "kernel_initializer": {"class_name": "VarianceScaling", "config": {"scale": 1.0, "mode": "fan_avg", "distribution": "uniform", "seed": null}}, "bias_initializer": {"class_name": "Zeros", "config": {}}, "kernel_regularizer": null, "bias_regularizer": null, "activity_regularizer": null, "kernel_constraint": null, "bias_constraint": null}, "inbound_nodes": [[["input_1", 0, 0, {}]]]}, {"name": "conv1_bn", "class_name": "BatchNormalization", "config": {"name": "conv1_bn", "trainable": false, "axis": -1, "momentum": 0.99, "epsilon": 0.001, "center": true, "scale": true, "beta_initializer": {"class_name": "Zeros", "config": {}}, "gamma_initializer": {"class_name": "Ones", "config": {}}, "moving_mean_initializer": {"class_name": "Zeros", "config": {}}, "moving_variance_initializer": {"class_name": "Ones", "config": {}}, "beta_regularizer": null, "gamma_regularizer": null, "beta_constraint": null, "gamma_constraint": null}, "inbound_nodes": [[["conv1", 0, 0, {}]]]}, {"name": "conv1_relu", "class_name": "Activation", "config": {"name": "conv1_relu", "trainable": false, "activation": "relu6"}, "inbound_nodes": [[["conv1_bn", 0, 0, {}]]]}, {"name": "conv_dw_1", "class_name": "DepthwiseConv2D", "config": {"name": "conv_dw_1", "trainable": false, "kernel_size": [3, 3], "strides": [1, 1], "padding": "same", "data_format": "channels_last", "dilation_rate": [1, 1], "activation": "linear", "use_bias": false, "bias_initializer": {"class_name": "Zeros", "config": {}}, "bias_regularizer": null, "activity_regularizer": null, "bias_constraint": null, "depth_multiplier": 1, "depthwise_initializer": {"class_name": "VarianceScaling", "config": {"scale": 1.0, "mode": "fan_avg", "distribution": "uniform", "seed": null}}, "depthwise_regularizer": null, "depthwise_constraint": null}, "inbound_nodes": [[["conv1_relu", 0, 0, {}]]]}, {"name": "conv_dw_1_bn", "class_name": "BatchNormalization", "config": {"name": "conv_dw_1_bn", "trainable": false, "axis": -1, "momentum": 0.99, "epsilon": 0.001, "center": true, "scale": true, "beta_initializer": {"class_name": "Zeros", "config": {}}, "gamma_initializer": {"class_name": "Ones", "config": {}}, "moving_mean_initializer": {"class_name": "Zeros", "config": {}}, "moving_variance_initializer": {"class_name": "Ones", "config": {}}, "beta_regularizer": null, "gamma_regularizer": null, "beta_constraint": null, "gamma_constraint": null}, "inbound_nodes": [[["conv_dw_1", 0, 0, {}]]]}, {"name": "conv_dw_1_relu", "class_name": "Activation", "config": {"name": "conv_dw_1_relu", "trainable": false, "activation": "relu6"}, "inbound_nodes": [[["conv_dw_1_bn", 0, 0, {}]]]}, {"name": "conv_pw_1", "class_name": "Conv2D", "config": {"name": "conv_pw_1", "trainable": false, "filters": 64, "kernel_size": [1, 1], "strides": [1, 1], "padding": "same", "data_format": "channels_last", "dilation_rate": [1, 1], "activation": "linear", "use_bias": false, "kernel_initializer": {"class_name": "VarianceScaling", "config": {"scale": 1.0, "mode": "fan_avg", "distribution": "uniform", "seed": null}}, "bias_initializer": {"class_name": "Zeros", "config": {}}, "kernel_regularizer": null, "bias_regularizer": null, "activity_regularizer": null, "kernel_constraint": null, "bias_constraint": null}, "inbound_nodes": [[["conv_dw_1_relu", 0, 0, {}]]]}, {"name": "conv_pw_1_bn", "class_name": "BatchNormalization", "config": {"name": "conv_pw_1_bn", "trainable": false, "axis": -1, "momentum": 0.99, "epsilon": 0.001, "center": true, "scale": true, "beta_initializer": {"class_name": "Zeros", "config": {}}, "gamma_initializer": {"class_name": "Ones", "config": {}}, "moving_mean_initializer": {"class_name": "Zeros", "config": {}}, "moving_variance_initializer": {"class_name": "Ones", "config": {}}, "beta_regularizer": null, "gamma_regularizer": null, "beta_constraint": null, "gamma_constraint": null}, "inbound_nodes": [[["conv_pw_1", 0, 0, {}]]]}, {"name": "conv_pw_1_relu", "class_name": "Activation", "config": {"name": "conv_pw_1_relu", "trainable": false, "activation": "relu6"}, "inbound_nodes": [[["conv_pw_1_bn", 0, 0, {}]]]}, {"name": "conv_dw_2", "class_name": "DepthwiseConv2D", "config": {"name": "conv_dw_2", "trainable": false, "kernel_size": [3, 3], "strides": [2, 2], "padding": "same", "data_format": "channels_last", "dilation_rate": [1, 1], "activation": "linear", "use_bias": false, "bias_initializer": {"class_name": "Zeros", "config": {}}, "bias_regularizer": null, "activity_regularizer": null, "bias_constraint": null, "depth_multiplier": 1, "depthwise_initializer": {"class_name": "VarianceScaling", "config": {"scale": 1.0, "mode": "fan_avg", "distribution": "uniform", "seed": null}}, "depthwise_regularizer": null, "depthwise_constraint": null}, "inbound_nodes": [[["conv_pw_1_relu", 0, 0, {}]]]}, {"name": "conv_dw_2_bn", "class_name": "BatchNormalization", "config": {"name": "conv_dw_2_bn", "trainable": false, "axis": -1, "momentum": 0.99, "epsilon": 0.001, "center": true, "scale": true, "beta_initializer": {"class_name": "Zeros", "config": {}}, "gamma_initializer": {"class_name": "Ones", "config": {}}, "moving_mean_initializer": {"class_name": "Zeros", "config": {}}, "moving_variance_initializer": {"class_name": "Ones", "config": {}}, "beta_regularizer": null, "gamma_regularizer": null, "beta_constraint": null, "gamma_constraint": null}, "inbound_nodes": [[["conv_dw_2", 0, 0, {}]]]}, {"name": "conv_dw_2_relu", "class_name": "Activation", "config": {"name": "conv_dw_2_relu", "trainable": false, "activation": "relu6"}, "inbound_nodes": [[["conv_dw_2_bn", 0, 0, {}]]]}, {"name": "conv_pw_2", "class_name": "Conv2D", "config": {"name": "conv_pw_2", "trainable": false, "filters": 128, "kernel_size": [1, 1], "strides": [1, 1], "padding": "same", "data_format": "channels_last", "dilation_rate": [1, 1], "activation": "linear", "use_bias": false, "kernel_initializer": {"class_name": "VarianceScaling", "config": {"scale": 1.0, "mode": "fan_avg", "distribution": "uniform", "seed": null}}, "bias_initializer": {"class_name": "Zeros", "config": {}}, "kernel_regularizer": null, "bias_regularizer": null, "activity_regularizer": null, "kernel_constraint": null, "bias_constraint": null}, "inbound_nodes": [[["conv_dw_2_relu", 0, 0, {}]]]}, {"name": "conv_pw_2_bn", "class_name": "BatchNormalization", "config": {"name": "conv_pw_2_bn", "trainable": false, "axis": -1, "momentum": 0.99, "epsilon": 0.001, "center": true, "scale": true, "beta_initializer": {"class_name": "Zeros", "config": {}}, "gamma_initializer": {"class_name": "Ones", "config": {}}, "moving_mean_initializer": {"class_name": "Zeros", "config": {}}, "moving_variance_initializer": {"class_name": "Ones", "config": {}}, "beta_regularizer": null, "gamma_regularizer": null, "beta_constraint": null, "gamma_constraint": null}, "inbound_nodes": [[["conv_pw_2", 0, 0, {}]]]}, {"name": "conv_pw_2_relu", "class_name": "Activation", "config": {"name": "conv_pw_2_relu", "trainable": false, "activation": "relu6"}, "inbound_nodes": [[["conv_pw_2_bn", 0, 0, {}]]]}, {"name": "conv_dw_3", "class_name": "DepthwiseConv2D", "config": {"name": "conv_dw_3", "trainable": false, "kernel_size": [3, 3], "strides": [1, 1], "padding": "same", "data_format": "channels_last", "dilation_rate": [1, 1], "activation": "linear", "use_bias": false, "bias_initializer": {"class_name": "Zeros", "config": {}}, "bias_regularizer": null, "activity_regularizer": null, "bias_constraint": null, "depth_multiplier": 1, "depthwise_initializer": {"class_name": "VarianceScaling", "config": {"scale": 1.0, "mode": "fan_avg", "distribution": "uniform", "seed": null}}, "depthwise_regularizer": null, "depthwise_constraint": null}, "inbound_nodes": [[["conv_pw_2_relu", 0, 0, {}]]]}, {"name": "conv_dw_3_bn", "class_name": "BatchNormalization", "config": {"name": "conv_dw_3_bn", "trainable": false, "axis": -1, "momentum": 0.99, "epsilon": 0.001, "center": true, "scale": true, "beta_initializer": {"class_name": "Zeros", "config": {}}, "gamma_initializer": {"class_name": "Ones", "config": {}}, "moving_mean_initializer": {"class_name": "Zeros", "config": {}}, "moving_variance_initializer": {"class_name": "Ones", "config": {}}, "beta_regularizer": null, "gamma_regularizer": null, "beta_constraint": null, "gamma_constraint": null}, "inbound_nodes": [[["conv_dw_3", 0, 0, {}]]]}, {"name": "conv_dw_3_relu", "class_name": "Activation", "config": {"name": "conv_dw_3_relu", "trainable": false, "activation": "relu6"}, "inbound_nodes": [[["conv_dw_3_bn", 0, 0, {}]]]}, {"name": "conv_pw_3", "class_name": "Conv2D", "config": {"name": "conv_pw_3", "trainable": false, "filters": 128, "kernel_size": [1, 1], "strides": [1, 1], "padding": "same", "data_format": "channels_last", "dilation_rate": [1, 1], "activation": "linear", "use_bias": false, "kernel_initializer": {"class_name": "VarianceScaling", "config": {"scale": 1.0, "mode": "fan_avg", "distribution": "uniform", "seed": null}}, "bias_initializer": {"class_name": "Zeros", "config": {}}, "kernel_regularizer": null, "bias_regularizer": null, "activity_regularizer": null, "kernel_constraint": null, "bias_constraint": null}, "inbound_nodes": [[["conv_dw_3_relu", 0, 0, {}]]]}, {"name": "conv_pw_3_bn", "class_name": "BatchNormalization", "config": {"name": "conv_pw_3_bn", "trainable": false, "axis": -1, "momentum": 0.99, "epsilon": 0.001, "center": true, "scale": true, "beta_initializer": {"class_name": "Zeros", "config": {}}, "gamma_initializer": {"class_name": "Ones", "config": {}}, "moving_mean_initializer": {"class_name": "Zeros", "config": {}}, "moving_variance_initializer": {"class_name": "Ones", "config": {}}, "beta_regularizer": null, "gamma_regularizer": null, "beta_constraint": null, "gamma_constraint": null}, "inbound_nodes": [[["conv_pw_3", 0, 0, {}]]]}, {"name": "conv_pw_3_relu", "class_name": "Activation", "config": {"name": "conv_pw_3_relu", "trainable": false, "activation": "relu6"}, "inbound_nodes": [[["conv_pw_3_bn", 0, 0, {}]]]}, {"name": "conv_dw_4", "class_name": "DepthwiseConv2D", "config": {"name": "conv_dw_4", "trainable": false, "kernel_size": [3, 3], "strides": [2, 2], "padding": "same", "data_format": "channels_last", "dilation_rate": [1, 1], "activation": "linear", "use_bias": false, "bias_initializer": {"class_name": "Zeros", "config": {}}, "bias_regularizer": null, "activity_regularizer": null, "bias_constraint": null, "depth_multiplier": 1, "depthwise_initializer": {"class_name": "VarianceScaling", "config": {"scale": 1.0, "mode": "fan_avg", "distribution": "uniform", "seed": null}}, "depthwise_regularizer": null, "depthwise_constraint": null}, "inbound_nodes": [[["conv_pw_3_relu", 0, 0, {}]]]}, {"name": "conv_dw_4_bn", "class_name": "BatchNormalization", "config": {"name": "conv_dw_4_bn", "trainable": false, "axis": -1, "momentum": 0.99, "epsilon": 0.001, "center": true, "scale": true, "beta_initializer": {"class_name": "Zeros", "config": {}}, "gamma_initializer": {"class_name": "Ones", "config": {}}, "moving_mean_initializer": {"class_name": "Zeros", "config": {}}, "moving_variance_initializer": {"class_name": "Ones", "config": {}}, "beta_regularizer": null, "gamma_regularizer": null, "beta_constraint": null, "gamma_constraint": null}, "inbound_nodes": [[["conv_dw_4", 0, 0, {}]]]}, {"name": "conv_dw_4_relu", "class_name": "Activation", "config": {"name": "conv_dw_4_relu", "trainable": false, "activation": "relu6"}, "inbound_nodes": [[["conv_dw_4_bn", 0, 0, {}]]]}, {"name": "conv_pw_4", "class_name": "Conv2D", "config": {"name": "conv_pw_4", "trainable": false, "filters": 256, "kernel_size": [1, 1], "strides": [1, 1], "padding": "same", "data_format": "channels_last", "dilation_rate": [1, 1], "activation": "linear", "use_bias": false, "kernel_initializer": {"class_name": "VarianceScaling", "config": {"scale": 1.0, "mode": "fan_avg", "distribution": "uniform", "seed": null}}, "bias_initializer": {"class_name": "Zeros", "config": {}}, "kernel_regularizer": null, "bias_regularizer": null, "activity_regularizer": null, "kernel_constraint": null, "bias_constraint": null}, "inbound_nodes": [[["conv_dw_4_relu", 0, 0, {}]]]}, {"name": "conv_pw_4_bn", "class_name": "BatchNormalization", "config": {"name": "conv_pw_4_bn", "trainable": false, "axis": -1, "momentum": 0.99, "epsilon": 0.001, "center": true, "scale": true, "beta_initializer": {"class_name": "Zeros", "config": {}}, "gamma_initializer": {"class_name": "Ones", "config": {}}, "moving_mean_initializer": {"class_name": "Zeros", "config": {}}, "moving_variance_initializer": {"class_name": "Ones", "config": {}}, "beta_regularizer": null, "gamma_regularizer": null, "beta_constraint": null, "gamma_constraint": null}, "inbound_nodes": [[["conv_pw_4", 0, 0, {}]]]}, {"name": "conv_pw_4_relu", "class_name": "Activation", "config": {"name": "conv_pw_4_relu", "trainable": false, "activation": "relu6"}, "inbound_nodes": [[["conv_pw_4_bn", 0, 0, {}]]]}, {"name": "conv_dw_5", "class_name": "DepthwiseConv2D", "config": {"name": "conv_dw_5", "trainable": false, "kernel_size": [3, 3], "strides": [1, 1], "padding": "same", "data_format": "channels_last", "dilation_rate": [1, 1], "activation": "linear", "use_bias": false, "bias_initializer": {"class_name": "Zeros", "config": {}}, "bias_regularizer": null, "activity_regularizer": null, "bias_constraint": null, "depth_multiplier": 1, "depthwise_initializer": {"class_name": "VarianceScaling", "config": {"scale": 1.0, "mode": "fan_avg", "distribution": "uniform", "seed": null}}, "depthwise_regularizer": null, "depthwise_constraint": null}, "inbound_nodes": [[["conv_pw_4_relu", 0, 0, {}]]]}, {"name": "conv_dw_5_bn", "class_name": "BatchNormalization", "config": {"name": "conv_dw_5_bn", "trainable": false, "axis": -1, "momentum": 0.99, "epsilon": 0.001, "center": true, "scale": true, "beta_initializer": {"class_name": "Zeros", "config": {}}, "gamma_initializer": {"class_name": "Ones", "config": {}}, "moving_mean_initializer": {"class_name": "Zeros", "config": {}}, "moving_variance_initializer": {"class_name": "Ones", "config": {}}, "beta_regularizer": null, "gamma_regularizer": null, "beta_constraint": null, "gamma_constraint": null}, "inbound_nodes": [[["conv_dw_5", 0, 0, {}]]]}, {"name": "conv_dw_5_relu", "class_name": "Activation", "config": {"name": "conv_dw_5_relu", "trainable": false, "activation": "relu6"}, "inbound_nodes": [[["conv_dw_5_bn", 0, 0, {}]]]}, {"name": "conv_pw_5", "class_name": "Conv2D", "config": {"name": "conv_pw_5", "trainable": false, "filters": 256, "kernel_size": [1, 1], "strides": [1, 1], "padding": "same", "data_format": "channels_last", "dilation_rate": [1, 1], "activation": "linear", "use_bias": false, "kernel_initializer": {"class_name": "VarianceScaling", "config": {"scale": 1.0, "mode": "fan_avg", "distribution": "uniform", "seed": null}}, "bias_initializer": {"class_name": "Zeros", "config": {}}, "kernel_regularizer": null, "bias_regularizer": null, "activity_regularizer": null, "kernel_constraint": null, "bias_constraint": null}, "inbound_nodes": [[["conv_dw_5_relu", 0, 0, {}]]]}, {"name": "conv_pw_5_bn", "class_name": "BatchNormalization", "config": {"name": "conv_pw_5_bn", "trainable": false, "axis": -1, "momentum": 0.99, "epsilon": 0.001, "center": true, "scale": true, "beta_initializer": {"class_name": "Zeros", "config": {}}, "gamma_initializer": {"class_name": "Ones", "config": {}}, "moving_mean_initializer": {"class_name": "Zeros", "config": {}}, "moving_variance_initializer": {"class_name": "Ones", "config": {}}, "beta_regularizer": null, "gamma_regularizer": null, "beta_constraint": null, "gamma_constraint": null}, "inbound_nodes": [[["conv_pw_5", 0, 0, {}]]]}, {"name": "conv_pw_5_relu", "class_name": "Activation", "config": {"name": "conv_pw_5_relu", "trainable": false, "activation": "relu6"}, "inbound_nodes": [[["conv_pw_5_bn", 0, 0, {}]]]}, {"name": "conv_dw_6", "class_name": "DepthwiseConv2D", "config": {"name": "conv_dw_6", "trainable": false, "kernel_size": [3, 3], "strides": [2, 2], "padding": "same", "data_format": "channels_last", "dilation_rate": [1, 1], "activation": "linear", "use_bias": false, "bias_initializer": {"class_name": "Zeros", "config": {}}, "bias_regularizer": null, "activity_regularizer": null, "bias_constraint": null, "depth_multiplier": 1, "depthwise_initializer": {"class_name": "VarianceScaling", "config": {"scale": 1.0, "mode": "fan_avg", "distribution": "uniform", "seed": null}}, "depthwise_regularizer": null, "depthwise_constraint": null}, "inbound_nodes": [[["conv_pw_5_relu", 0, 0, {}]]]}, {"name": "conv_dw_6_bn", "class_name": "BatchNormalization", "config": {"name": "conv_dw_6_bn", "trainable": false, "axis": -1, "momentum": 0.99, "epsilon": 0.001, "center": true, "scale": true, "beta_initializer": {"class_name": "Zeros", "config": {}}, "gamma_initializer": {"class_name": "Ones", "config": {}}, "moving_mean_initializer": {"class_name": "Zeros", "config": {}}, "moving_variance_initializer": {"class_name": "Ones", "config": {}}, "beta_regularizer": null, "gamma_regularizer": null, "beta_constraint": null, "gamma_constraint": null}, "inbound_nodes": [[["conv_dw_6", 0, 0, {}]]]}, {"name": "conv_dw_6_relu", "class_name": "Activation", "config": {"name": "conv_dw_6_relu", "trainable": false, "activation": "relu6"}, "inbound_nodes": [[["conv_dw_6_bn", 0, 0, {}]]]}, {"name": "conv_pw_6", "class_name": "Conv2D", "config": {"name": "conv_pw_6", "trainable": false, "filters": 512, "kernel_size": [1, 1], "strides": [1, 1], "padding": "same", "data_format": "channels_last", "dilation_rate": [1, 1], "activation": "linear", "use_bias": false, "kernel_initializer": {"class_name": "VarianceScaling", "config": {"scale": 1.0, "mode": "fan_avg", "distribution": "uniform", "seed": null}}, "bias_initializer": {"class_name": "Zeros", "config": {}}, "kernel_regularizer": null, "bias_regularizer": null, "activity_regularizer": null, "kernel_constraint": null, "bias_constraint": null}, "inbound_nodes": [[["conv_dw_6_relu", 0, 0, {}]]]}, {"name": "conv_pw_6_bn", "class_name": "BatchNormalization", "config": {"name": "conv_pw_6_bn", "trainable": false, "axis": -1, "momentum": 0.99, "epsilon": 0.001, "center": true, "scale": true, "beta_initializer": {"class_name": "Zeros", "config": {}}, "gamma_initializer": {"class_name": "Ones", "config": {}}, "moving_mean_initializer": {"class_name": "Zeros", "config": {}}, "moving_variance_initializer": {"class_name": "Ones", "config": {}}, "beta_regularizer": null, "gamma_regularizer": null, "beta_constraint": null, "gamma_constraint": null}, "inbound_nodes": [[["conv_pw_6", 0, 0, {}]]]}, {"name": "conv_pw_6_relu", "class_name": "Activation", "config": {"name": "conv_pw_6_relu", "trainable": false, "activation": "relu6"}, "inbound_nodes": [[["conv_pw_6_bn", 0, 0, {}]]]}, {"name": "conv_dw_7", "class_name": "DepthwiseConv2D", "config": {"name": "conv_dw_7", "trainable": false, "kernel_size": [3, 3], "strides": [1, 1], "padding": "same", "data_format": "channels_last", "dilation_rate": [1, 1], "activation": "linear", "use_bias": false, "bias_initializer": {"class_name": "Zeros", "config": {}}, "bias_regularizer": null, "activity_regularizer": null, "bias_constraint": null, "depth_multiplier": 1, "depthwise_initializer": {"class_name": "VarianceScaling", "config": {"scale": 1.0, "mode": "fan_avg", "distribution": "uniform", "seed": null}}, "depthwise_regularizer": null, "depthwise_constraint": null}, "inbound_nodes": [[["conv_pw_6_relu", 0, 0, {}]]]}, {"name": "conv_dw_7_bn", "class_name": "BatchNormalization", "config": {"name": "conv_dw_7_bn", "trainable": false, "axis": -1, "momentum": 0.99, "epsilon": 0.001, "center": true, "scale": true, "beta_initializer": {"class_name": "Zeros", "config": {}}, "gamma_initializer": {"class_name": "Ones", "config": {}}, "moving_mean_initializer": {"class_name": "Zeros", "config": {}}, "moving_variance_initializer": {"class_name": "Ones", "config": {}}, "beta_regularizer": null, "gamma_regularizer": null, "beta_constraint": null, "gamma_constraint": null}, "inbound_nodes": [[["conv_dw_7", 0, 0, {}]]]}, {"name": "conv_dw_7_relu", "class_name": "Activation", "config": {"name": "conv_dw_7_relu", "trainable": false, "activation": "relu6"}, "inbound_nodes": [[["conv_dw_7_bn", 0, 0, {}]]]}, {"name": "conv_pw_7", "class_name": "Conv2D", "config": {"name": "conv_pw_7", "trainable": false, "filters": 512, "kernel_size": [1, 1], "strides": [1, 1], "padding": "same", "data_format": "channels_last", "dilation_rate": [1, 1], "activation": "linear", "use_bias": false, "kernel_initializer": {"class_name": "VarianceScaling", "config": {"scale": 1.0, "mode": "fan_avg", "distribution": "uniform", "seed": null}}, "bias_initializer": {"class_name": "Zeros", "config": {}}, "kernel_regularizer": null, "bias_regularizer": null, "activity_regularizer": null, "kernel_constraint": null, "bias_constraint": null}, "inbound_nodes": [[["conv_dw_7_relu", 0, 0, {}]]]}, {"name": "conv_pw_7_bn", "class_name": "BatchNormalization", "config": {"name": "conv_pw_7_bn", "trainable": false, "axis": -1, "momentum": 0.99, "epsilon": 0.001, "center": true, "scale": true, "beta_initializer": {"class_name": "Zeros", "config": {}}, "gamma_initializer": {"class_name": "Ones", "config": {}}, "moving_mean_initializer": {"class_name": "Zeros", "config": {}}, "moving_variance_initializer": {"class_name": "Ones", "config": {}}, "beta_regularizer": null, "gamma_regularizer": null, "beta_constraint": null, "gamma_constraint": null}, "inbound_nodes": [[["conv_pw_7", 0, 0, {}]]]}, {"name": "conv_pw_7_relu", "class_name": "Activation", "config": {"name": "conv_pw_7_relu", "trainable": false, "activation": "relu6"}, "inbound_nodes": [[["conv_pw_7_bn", 0, 0, {}]]]}, {"name": "conv_dw_8", "class_name": "DepthwiseConv2D", "config": {"name": "conv_dw_8", "trainable": false, "kernel_size": [3, 3], "strides": [1, 1], "padding": "same", "data_format": "channels_last", "dilation_rate": [1, 1], "activation": "linear", "use_bias": false, "bias_initializer": {"class_name": "Zeros", "config": {}}, "bias_regularizer": null, "activity_regularizer": null, "bias_constraint": null, "depth_multiplier": 1, "depthwise_initializer": {"class_name": "VarianceScaling", "config": {"scale": 1.0, "mode": "fan_avg", "distribution": "uniform", "seed": null}}, "depthwise_regularizer": null, "depthwise_constraint": null}, "inbound_nodes": [[["conv_pw_7_relu", 0, 0, {}]]]}, {"name": "conv_dw_8_bn", "class_name": "BatchNormalization", "config": {"name": "conv_dw_8_bn", "trainable": false, "axis": -1, "momentum": 0.99, "epsilon": 0.001, "center": true, "scale": true, "beta_initializer": {"class_name": "Zeros", "config": {}}, "gamma_initializer": {"class_name": "Ones", "config": {}}, "moving_mean_initializer": {"class_name": "Zeros", "config": {}}, "moving_variance_initializer": {"class_name": "Ones", "config": {}}, "beta_regularizer": null, "gamma_regularizer": null, "beta_constraint": null, "gamma_constraint": null}, "inbound_nodes": [[["conv_dw_8", 0, 0, {}]]]}, {"name": "conv_dw_8_relu", "class_name": "Activation", "config": {"name": "conv_dw_8_relu", "trainable": false, "activation": "relu6"}, "inbound_nodes": [[["conv_dw_8_bn", 0, 0, {}]]]}, {"name": "conv_pw_8", "class_name": "Conv2D", "config": {"name": "conv_pw_8", "trainable": false, "filters": 512, "kernel_size": [1, 1], "strides": [1, 1], "padding": "same", "data_format": "channels_last", "dilation_rate": [1, 1], "activation": "linear", "use_bias": false, "kernel_initializer": {"class_name": "VarianceScaling", "config": {"scale": 1.0, "mode": "fan_avg", "distribution": "uniform", "seed": null}}, "bias_initializer": {"class_name": "Zeros", "config": {}}, "kernel_regularizer": null, "bias_regularizer": null, "activity_regularizer": null, "kernel_constraint": null, "bias_constraint": null}, "inbound_nodes": [[["conv_dw_8_relu", 0, 0, {}]]]}, {"name": "conv_pw_8_bn", "class_name": "BatchNormalization", "config": {"name": "conv_pw_8_bn", "trainable": false, "axis": -1, "momentum": 0.99, "epsilon": 0.001, "center": true, "scale": true, "beta_initializer": {"class_name": "Zeros", "config": {}}, "gamma_initializer": {"class_name": "Ones", "config": {}}, "moving_mean_initializer": {"class_name": "Zeros", "config": {}}, "moving_variance_initializer": {"class_name": "Ones", "config": {}}, "beta_regularizer": null, "gamma_regularizer": null, "beta_constraint": null, "gamma_constraint": null}, "inbound_nodes": [[["conv_pw_8", 0, 0, {}]]]}, {"name": "conv_pw_8_relu", "class_name": "Activation", "config": {"name": "conv_pw_8_relu", "trainable": false, "activation": "relu6"}, "inbound_nodes": [[["conv_pw_8_bn", 0, 0, {}]]]}, {"name": "conv_dw_9", "class_name": "DepthwiseConv2D", "config": {"name": "conv_dw_9", "trainable": false, "kernel_size": [3, 3], "strides": [1, 1], "padding": "same", "data_format": "channels_last", "dilation_rate": [1, 1], "activation": "linear", "use_bias": false, "bias_initializer": {"class_name": "Zeros", "config": {}}, "bias_regularizer": null, "activity_regularizer": null, "bias_constraint": null, "depth_multiplier": 1, "depthwise_initializer": {"class_name": "VarianceScaling", "config": {"scale": 1.0, "mode": "fan_avg", "distribution": "uniform", "seed": null}}, "depthwise_regularizer": null, "depthwise_constraint": null}, "inbound_nodes": [[["conv_pw_8_relu", 0, 0, {}]]]}, {"name": "conv_dw_9_bn", "class_name": "BatchNormalization", "config": {"name": "conv_dw_9_bn", "trainable": false, "axis": -1, "momentum": 0.99, "epsilon": 0.001, "center": true, "scale": true, "beta_initializer": {"class_name": "Zeros", "config": {}}, "gamma_initializer": {"class_name": "Ones", "config": {}}, "moving_mean_initializer": {"class_name": "Zeros", "config": {}}, "moving_variance_initializer": {"class_name": "Ones", "config": {}}, "beta_regularizer": null, "gamma_regularizer": null, "beta_constraint": null, "gamma_constraint": null}, "inbound_nodes": [[["conv_dw_9", 0, 0, {}]]]}, {"name": "conv_dw_9_relu", "class_name": "Activation", "config": {"name": "conv_dw_9_relu", "trainable": false, "activation": "relu6"}, "inbound_nodes": [[["conv_dw_9_bn", 0, 0, {}]]]}, {"name": "conv_pw_9", "class_name": "Conv2D", "config": {"name": "conv_pw_9", "trainable": false, "filters": 512, "kernel_size": [1, 1], "strides": [1, 1], "padding": "same", "data_format": "channels_last", "dilation_rate": [1, 1], "activation": "linear", "use_bias": false, "kernel_initializer": {"class_name": "VarianceScaling", "config": {"scale": 1.0, "mode": "fan_avg", "distribution": "uniform", "seed": null}}, "bias_initializer": {"class_name": "Zeros", "config": {}}, "kernel_regularizer": null, "bias_regularizer": null, "activity_regularizer": null, "kernel_constraint": null, "bias_constraint": null}, "inbound_nodes": [[["conv_dw_9_relu", 0, 0, {}]]]}, {"name": "conv_pw_9_bn", "class_name": "BatchNormalization", "config": {"name": "conv_pw_9_bn", "trainable": false, "axis": -1, "momentum": 0.99, "epsilon": 0.001, "center": true, "scale": true, "beta_initializer": {"class_name": "Zeros", "config": {}}, "gamma_initializer": {"class_name": "Ones", "config": {}}, "moving_mean_initializer": {"class_name": "Zeros", "config": {}}, "moving_variance_initializer": {"class_name": "Ones", "config": {}}, "beta_regularizer": null, "gamma_regularizer": null, "beta_constraint": null, "gamma_constraint": null}, "inbound_nodes": [[["conv_pw_9", 0, 0, {}]]]}, {"name": "conv_pw_9_relu", "class_name": "Activation", "config": {"name": "conv_pw_9_relu", "trainable": false, "activation": "relu6"}, "inbound_nodes": [[["conv_pw_9_bn", 0, 0, {}]]]}, {"name": "conv_dw_10", "class_name": "DepthwiseConv2D", "config": {"name": "conv_dw_10", "trainable": false, "kernel_size": [3, 3], "strides": [1, 1], "padding": "same", "data_format": "channels_last", "dilation_rate": [1, 1], "activation": "linear", "use_bias": false, "bias_initializer": {"class_name": "Zeros", "config": {}}, "bias_regularizer": null, "activity_regularizer": null, "bias_constraint": null, "depth_multiplier": 1, "depthwise_initializer": {"class_name": "VarianceScaling", "config": {"scale": 1.0, "mode": "fan_avg", "distribution": "uniform", "seed": null}}, "depthwise_regularizer": null, "depthwise_constraint": null}, "inbound_nodes": [[["conv_pw_9_relu", 0, 0, {}]]]}, {"name": "conv_dw_10_bn", "class_name": "BatchNormalization", "config": {"name": "conv_dw_10_bn", "trainable": false, "axis": -1, "momentum": 0.99, "epsilon": 0.001, "center": true, "scale": true, "beta_initializer": {"class_name": "Zeros", "config": {}}, "gamma_initializer": {"class_name": "Ones", "config": {}}, "moving_mean_initializer": {"class_name": "Zeros", "config": {}}, "moving_variance_initializer": {"class_name": "Ones", "config": {}}, "beta_regularizer": null, "gamma_regularizer": null, "beta_constraint": null, "gamma_constraint": null}, "inbound_nodes": [[["conv_dw_10", 0, 0, {}]]]}, {"name": "conv_dw_10_relu", "class_name": "Activation", "config": {"name": "conv_dw_10_relu", "trainable": false, "activation": "relu6"}, "inbound_nodes": [[["conv_dw_10_bn", 0, 0, {}]]]}, {"name": "conv_pw_10", "class_name": "Conv2D", "config": {"name": "conv_pw_10", "trainable": false, "filters": 512, "kernel_size": [1, 1], "strides": [1, 1], "padding": "same", "data_format": "channels_last", "dilation_rate": [1, 1], "activation": "linear", "use_bias": false, "kernel_initializer": {"class_name": "VarianceScaling", "config": {"scale": 1.0, "mode": "fan_avg", "distribution": "uniform", "seed": null}}, "bias_initializer": {"class_name": "Zeros", "config": {}}, "kernel_regularizer": null, "bias_regularizer": null, "activity_regularizer": null, "kernel_constraint": null, "bias_constraint": null}, "inbound_nodes": [[["conv_dw_10_relu", 0, 0, {}]]]}, {"name": "conv_pw_10_bn", "class_name": "BatchNormalization", "config": {"name": "conv_pw_10_bn", "trainable": false, "axis": -1, "momentum": 0.99, "epsilon": 0.001, "center": true, "scale": true, "beta_initializer": {"class_name": "Zeros", "config": {}}, "gamma_initializer": {"class_name": "Ones", "config": {}}, "moving_mean_initializer": {"class_name": "Zeros", "config": {}}, "moving_variance_initializer": {"class_name": "Ones", "config": {}}, "beta_regularizer": null, "gamma_regularizer": null, "beta_constraint": null, "gamma_constraint": null}, "inbound_nodes": [[["conv_pw_10", 0, 0, {}]]]}, {"name": "conv_pw_10_relu", "class_name": "Activation", "config": {"name": "conv_pw_10_relu", "trainable": false, "activation": "relu6"}, "inbound_nodes": [[["conv_pw_10_bn", 0, 0, {}]]]}, {"name": "conv_dw_11", "class_name": "DepthwiseConv2D", "config": {"name": "conv_dw_11", "trainable": false, "kernel_size": [3, 3], "strides": [1, 1], "padding": "same", "data_format": "channels_last", "dilation_rate": [1, 1], "activation": "linear", "use_bias": false, "bias_initializer": {"class_name": "Zeros", "config": {}}, "bias_regularizer": null, "activity_regularizer": null, "bias_constraint": null, "depth_multiplier": 1, "depthwise_initializer": {"class_name": "VarianceScaling", "config": {"scale": 1.0, "mode": "fan_avg", "distribution": "uniform", "seed": null}}, "depthwise_regularizer": null, "depthwise_constraint": null}, "inbound_nodes": [[["conv_pw_10_relu", 0, 0, {}]]]}, {"name": "conv_dw_11_bn", "class_name": "BatchNormalization", "config": {"name": "conv_dw_11_bn", "trainable": false, "axis": -1, "momentum": 0.99, "epsilon": 0.001, "center": true, "scale": true, "beta_initializer": {"class_name": "Zeros", "config": {}}, "gamma_initializer": {"class_name": "Ones", "config": {}}, "moving_mean_initializer": {"class_name": "Zeros", "config": {}}, "moving_variance_initializer": {"class_name": "Ones", "config": {}}, "beta_regularizer": null, "gamma_regularizer": null, "beta_constraint": null, "gamma_constraint": null}, "inbound_nodes": [[["conv_dw_11", 0, 0, {}]]]}, {"name": "conv_dw_11_relu", "class_name": "Activation", "config": {"name": "conv_dw_11_relu", "trainable": false, "activation": "relu6"}, "inbound_nodes": [[["conv_dw_11_bn", 0, 0, {}]]]}, {"name": "conv_pw_11", "class_name": "Conv2D", "config": {"name": "conv_pw_11", "trainable": false, "filters": 512, "kernel_size": [1, 1], "strides": [1, 1], "padding": "same", "data_format": "channels_last", "dilation_rate": [1, 1], "activation": "linear", "use_bias": false, "kernel_initializer": {"class_name": "VarianceScaling", "config": {"scale": 1.0, "mode": "fan_avg", "distribution": "uniform", "seed": null}}, "bias_initializer": {"class_name": "Zeros", "config": {}}, "kernel_regularizer": null, "bias_regularizer": null, "activity_regularizer": null, "kernel_constraint": null, "bias_constraint": null}, "inbound_nodes": [[["conv_dw_11_relu", 0, 0, {}]]]}, {"name": "conv_pw_11_bn", "class_name": "BatchNormalization", "config": {"name": "conv_pw_11_bn", "trainable": false, "axis": -1, "momentum": 0.99, "epsilon": 0.001, "center": true, "scale": true, "beta_initializer": {"class_name": "Zeros", "config": {}}, "gamma_initializer": {"class_name": "Ones", "config": {}}, "moving_mean_initializer": {"class_name": "Zeros", "config": {}}, "moving_variance_initializer": {"class_name": "Ones", "config": {}}, "beta_regularizer": null, "gamma_regularizer": null, "beta_constraint": null, "gamma_constraint": null}, "inbound_nodes": [[["conv_pw_11", 0, 0, {}]]]}, {"name": "conv_pw_11_relu", "class_name": "Activation", "config": {"name": "conv_pw_11_relu", "trainable": false, "activation": "relu6"}, "inbound_nodes": [[["conv_pw_11_bn", 0, 0, {}]]]}, {"name": "conv_dw_12", "class_name": "DepthwiseConv2D", "config": {"name": "conv_dw_12", "trainable": false, "kernel_size": [3, 3], "strides": [2, 2], "padding": "same", "data_format": "channels_last", "dilation_rate": [1, 1], "activation": "linear", "use_bias": false, "bias_initializer": {"class_name": "Zeros", "config": {}}, "bias_regularizer": null, "activity_regularizer": null, "bias_constraint": null, "depth_multiplier": 1, "depthwise_initializer": {"class_name": "VarianceScaling", "config": {"scale": 1.0, "mode": "fan_avg", "distribution": "uniform", "seed": null}}, "depthwise_regularizer": null, "depthwise_constraint": null}, "inbound_nodes": [[["conv_pw_11_relu", 0, 0, {}]]]}, {"name": "conv_dw_12_bn", "class_name": "BatchNormalization", "config": {"name": "conv_dw_12_bn", "trainable": false, "axis": -1, "momentum": 0.99, "epsilon": 0.001, "center": true, "scale": true, "beta_initializer": {"class_name": "Zeros", "config": {}}, "gamma_initializer": {"class_name": "Ones", "config": {}}, "moving_mean_initializer": {"class_name": "Zeros", "config": {}}, "moving_variance_initializer": {"class_name": "Ones", "config": {}}, "beta_regularizer": null, "gamma_regularizer": null, "beta_constraint": null, "gamma_constraint": null}, "inbound_nodes": [[["conv_dw_12", 0, 0, {}]]]}, {"name": "conv_dw_12_relu", "class_name": "Activation", "config": {"name": "conv_dw_12_relu", "trainable": false, "activation": "relu6"}, "inbound_nodes": [[["conv_dw_12_bn", 0, 0, {}]]]}, {"name": "conv_pw_12", "class_name": "Conv2D", "config": {"name": "conv_pw_12", "trainable": false, "filters": 1024, "kernel_size": [1, 1], "strides": [1, 1], "padding": "same", "data_format": "channels_last", "dilation_rate": [1, 1], "activation": "linear", "use_bias": false, "kernel_initializer": {"class_name": "VarianceScaling", "config": {"scale": 1.0, "mode": "fan_avg", "distribution": "uniform", "seed": null}}, "bias_initializer": {"class_name": "Zeros", "config": {}}, "kernel_regularizer": null, "bias_regularizer": null, "activity_regularizer": null, "kernel_constraint": null, "bias_constraint": null}, "inbound_nodes": [[["conv_dw_12_relu", 0, 0, {}]]]}, {"name": "conv_pw_12_bn", "class_name": "BatchNormalization", "config": {"name": "conv_pw_12_bn", "trainable": false, "axis": -1, "momentum": 0.99, "epsilon": 0.001, "center": true, "scale": true, "beta_initializer": {"class_name": "Zeros", "config": {}}, "gamma_initializer": {"class_name": "Ones", "config": {}}, "moving_mean_initializer": {"class_name": "Zeros", "config": {}}, "moving_variance_initializer": {"class_name": "Ones", "config": {}}, "beta_regularizer": null, "gamma_regularizer": null, "beta_constraint": null, "gamma_constraint": null}, "inbound_nodes": [[["conv_pw_12", 0, 0, {}]]]}, {"name": "conv_pw_12_relu", "class_name": "Activation", "config": {"name": "conv_pw_12_relu", "trainable": false, "activation": "relu6"}, "inbound_nodes": [[["conv_pw_12_bn", 0, 0, {}]]]}, {"name": "conv_dw_13", "class_name": "DepthwiseConv2D", "config": {"name": "conv_dw_13", "trainable": false, "kernel_size": [3, 3], "strides": [1, 1], "padding": "same", "data_format": "channels_last", "dilation_rate": [1, 1], "activation": "linear", "use_bias": false, "bias_initializer": {"class_name": "Zeros", "config": {}}, "bias_regularizer": null, "activity_regularizer": null, "bias_constraint": null, "depth_multiplier": 1, "depthwise_initializer": {"class_name": "VarianceScaling", "config": {"scale": 1.0, "mode": "fan_avg", "distribution": "uniform", "seed": null}}, "depthwise_regularizer": null, "depthwise_constraint": null}, "inbound_nodes": [[["conv_pw_12_relu", 0, 0, {}]]]}, {"name": "conv_dw_13_bn", "class_name": "BatchNormalization", "config": {"name": "conv_dw_13_bn", "trainable": false, "axis": -1, "momentum": 0.99, "epsilon": 0.001, "center": true, "scale": true, "beta_initializer": {"class_name": "Zeros", "config": {}}, "gamma_initializer": {"class_name": "Ones", "config": {}}, "moving_mean_initializer": {"class_name": "Zeros", "config": {}}, "moving_variance_initializer": {"class_name": "Ones", "config": {}}, "beta_regularizer": null, "gamma_regularizer": null, "beta_constraint": null, "gamma_constraint": null}, "inbound_nodes": [[["conv_dw_13", 0, 0, {}]]]}, {"name": "conv_dw_13_relu", "class_name": "Activation", "config": {"name": "conv_dw_13_relu", "trainable": false, "activation": "relu6"}, "inbound_nodes": [[["conv_dw_13_bn", 0, 0, {}]]]}, {"name": "conv_pw_13", "class_name": "Conv2D", "config": {"name": "conv_pw_13", "trainable": false, "filters": 1024, "kernel_size": [1, 1], "strides": [1, 1], "padding": "same", "data_format": "channels_last", "dilation_rate": [1, 1], "activation": "linear", "use_bias": false, "kernel_initializer": {"class_name": "VarianceScaling", "config": {"scale": 1.0, "mode": "fan_avg", "distribution": "uniform", "seed": null}}, "bias_initializer": {"class_name": "Zeros", "config": {}}, "kernel_regularizer": null, "bias_regularizer": null, "activity_regularizer": null, "kernel_constraint": null, "bias_constraint": null}, "inbound_nodes": [[["conv_dw_13_relu", 0, 0, {}]]]}, {"name": "conv_pw_13_bn", "class_name": "BatchNormalization", "config": {"name": "conv_pw_13_bn", "trainable": false, "axis": -1, "momentum": 0.99, "epsilon": 0.001, "center": true, "scale": true, "beta_initializer": {"class_name": "Zeros", "config": {}}, "gamma_initializer": {"class_name": "Ones", "config": {}}, "moving_mean_initializer": {"class_name": "Zeros", "config": {}}, "moving_variance_initializer": {"class_name": "Ones", "config": {}}, "beta_regularizer": null, "gamma_regularizer": null, "beta_constraint": null, "gamma_constraint": null}, "inbound_nodes": [[["conv_pw_13", 0, 0, {}]]]}, {"name": "conv_pw_13_relu", "class_name": "Activation", "config": {"name": "conv_pw_13_relu", "trainable": false, "activation": "relu6"}, "inbound_nodes": [[["conv_pw_13_bn", 0, 0, {}]]]}, {"name": "global_average_pooling2d_1", "class_name": "GlobalAveragePooling2D", "config": {"name": "global_average_pooling2d_1", "trainable": false, "data_format": "channels_last"}, "inbound_nodes": [[["conv_pw_13_relu", 0, 0, {}]]]}, {"name": "reshape_1", "class_name": "Reshape", "config": {"name": "reshape_1", "trainable": false, "target_shape": [1, 1, 1024]}, "inbound_nodes": [[["global_average_pooling2d_1", 0, 0, {}]]]}, {"name": "dropout", "class_name": "Dropout", "config": {"name": "dropout", "trainable": true, "rate": 0.001, "noise_shape": null, "seed": null}, "inbound_nodes": [[["reshape_1", 0, 0, {}]]]}, {"name": "conv_preds", "class_name": "Conv2D", "config": {"name": "conv_preds", "trainable": true, "filters": 1000, "kernel_size": [1, 1], "strides": [1, 1], "padding": "same", "data_format": "channels_last", "dilation_rate": [1, 1], "activation": "linear", "use_bias": true, "kernel_initializer": {"class_name": "VarianceScaling", "config": {"scale": 1.0, "mode": "fan_avg", "distribution": "uniform", "seed": null}}, "bias_initializer": {"class_name": "Zeros", "config": {}}, "kernel_regularizer": null, "bias_regularizer": null, "activity_regularizer": null, "kernel_constraint": null, "bias_constraint": null}, "inbound_nodes": [[["dropout", 0, 0, {}]]]}, {"name": "act_softmax", "class_name": "Activation", "config": {"name": "act_softmax", "trainable": true, "activation": "softmax"}, "inbound_nodes": [[["conv_preds", 0, 0, {}]]]}, {"name": "reshape_2", "class_name": "Reshape", "config": {"name": "reshape_2", "trainable": true, "target_shape": [1000]}, "inbound_nodes": [[["act_softmax", 0, 0, {}]]]}, {"name": "dense_1", "class_name": "Dense", "config": {"name": "dense_1", "trainable": true, "units": 5, "activation": "softmax", "use_bias": true, "kernel_initializer": {"class_name": "VarianceScaling", "config": {"scale": 1.0, "mode": "fan_avg", "distribution": "uniform", "seed": null}}, "bias_initializer": {"class_name": "Zeros", "config": {}}, "kernel_regularizer": null, "bias_regularizer": null, "activity_regularizer": null, "kernel_constraint": null, "bias_constraint": null}, "inbound_nodes": [[["reshape_2", 0, 0, {}]]]}], "input_layers": [["input_1", 0, 0]], "output_layers": [["dense_1", 0, 0]]}, "keras_version": "2.1.0", "backend": "tensorflow"}